[{"StoreID":98007,"SalesPersonID":8,"CdID":621453,"PricePaid":5,"Date":"2022-04-07T22:34:58.559Z"},{"StoreID":98053,"SalesPersonID":4,"CdID":354126,"PricePaid":9,"Date":"2022-04-07T22:40:58.559Z"},{"StoreID":98046,"SalesPersonID":24,"CdID":623451,"PricePaid":15,"Date":"2022-04-07T22:46:58.561Z"},{"StoreID":98011,"SalesPersonID":19,"CdID":654123,"PricePaid":11,"Date":"2022-04-07T22:50:58.561Z"},{"StoreID":98007,"SalesPersonID":6,"CdID":321654,"PricePaid":13,"Date":"2022-04-07T22:54:58.561Z"},{"StoreID":98055,"SalesPersonID":15,"CdID":123456,"PricePaid":14,"Date":"2022-04-07T23:06:58.561Z"},{"StoreID":98055,"SalesPersonID":14,"CdID":654321,"PricePaid":6,"Date":"2022-04-07T23:18:58.562Z"},{"StoreID":98077,"SalesPersonID":11,"CdID":543216,"PricePaid":14,"Date":"2022-04-07T23:22:58.562Z"},{"StoreID":98077,"SalesPersonID":9,"CdID":354126,"PricePaid":11,"Date":"2022-04-07T23:30:58.562Z"},{"StoreID":98077,"SalesPersonID":12,"CdID":123456,"PricePaid":14,"Date":"2022-04-07T23:38:58.562Z"},{"StoreID":98053,"SalesPersonID":1,"CdID":123654,"PricePaid":6,"Date":"2022-04-07T23:44:58.562Z"},{"StoreID":98007,"SalesPersonID":8,"CdID":354126,"PricePaid":5,"Date":"2022-04-07T23:48:58.562Z"},{"StoreID":98011,"SalesPersonID":19,"CdID":321456,"PricePaid":10,"Date":"2022-04-07T23:52:58.563Z"},{"StoreID":98046,"SalesPersonID":23,"CdID":654321,"PricePaid":8,"Date":"2022-04-08T00:00:58.563Z"},{"StoreID":98046,"SalesPersonID":21,"CdID":123654,"PricePaid":12,"Date":"2022-04-08T00:02:58.563Z"},{"StoreID":98007,"SalesPersonID":7,"CdID":354126,"PricePaid":11,"Date":"2022-04-08T00:07:58.563Z"},{"StoreID":98055,"SalesPersonID":14,"CdID":321456,"PricePaid":6,"Date":"2022-04-08T00:19:58.563Z"},{"StoreID":98007,"SalesPersonID":5,"CdID":123456,"PricePaid":10,"Date":"2022-04-08T00:23:58.563Z"},{"StoreID":98046,"SalesPersonID":22,"CdID":123654,"PricePaid":14,"Date":"2022-04-08T00:30:58.563Z"},{"StoreID":98053,"SalesPersonID":1,"CdID":321654,"PricePaid":15,"Date":"2022-04-08T00:43:58.564Z"},{"StoreID":98007,"SalesPersonID":8,"CdID":623451,"PricePaid":5,"Date":"2022-04-08T00:45:58.564Z"},{"StoreID":98055,"SalesPersonID":15,"CdID":654123,"PricePaid":9,"Date":"2022-04-08T00:50:58.564Z"},{"StoreID":98053,"SalesPersonID":4,"CdID":654321,"PricePaid":7,"Date":"2022-04-08T00:56:58.565Z"},{"StoreID":98007,"SalesPersonID":8,"CdID":654123,"PricePaid":6,"Date":"2022-04-08T00:59:58.565Z"},{"StoreID":98055,"SalesPersonID":16,"CdID":543216,"PricePaid":12,"Date":"2022-04-08T01:08:58.566Z"},{"StoreID":98007,"SalesPersonID":7,"CdID":123456,"PricePaid":10,"Date":"2022-04-08T01:21:58.608Z"},{"StoreID":98055,"SalesPersonID":16,"CdID":623451,"PricePaid":8,"Date":"2022-04-08T01:29:58.609Z"},{"StoreID":98055,"SalesPersonID":16,"CdID":123456,"PricePaid":14,"Date":"2022-04-08T01:41:58.610Z"},{"StoreID":98055,"SalesPersonID":14,"CdID":354126,"PricePaid":10,"Date":"2022-04-08T01:54:58.611Z"},{"StoreID":98046,"SalesPersonID":22,"CdID":354126,"PricePaid":7,"Date":"2022-04-08T02:07:58.612Z"},{"StoreID":98077,"SalesPersonID":10,"CdID":654123,"PricePaid":13,"Date":"2022-04-08T02:09:58.612Z"},{"StoreID":98011,"SalesPersonID":17,"CdID":321456,"PricePaid":5,"Date":"2022-04-08T02:20:58.613Z"},{"StoreID":98053,"SalesPersonID":4,"CdID":321654,"PricePaid":11,"Date":"2022-04-08T02:29:58.614Z"},{"StoreID":98077,"SalesPersonID":11,"CdID":321456,"PricePaid":14,"Date":"2022-04-08T02:39:58.615Z"},{"StoreID":98077,"SalesPersonID":12,"CdID":621453,"PricePaid":6,"Date":"2022-04-08T02:43:58.615Z"},{"StoreID":98053,"SalesPersonID":1,"CdID":321654,"PricePaid":15,"Date":"2022-04-08T02:47:58.616Z"},{"StoreID":98055,"SalesPersonID":15,"CdID":123654,"PricePaid":8,"Date":"2022-04-08T02:53:58.617Z"},{"StoreID":98077,"SalesPersonID":11,"CdID":123654,"PricePaid":8,"Date":"2022-04-08T03:00:58.618Z"},{"StoreID":98053,"SalesPersonID":4,"CdID":543216,"PricePaid":11,"Date":"2022-04-08T03:07:58.621Z"},{"StoreID":98011,"SalesPersonID":17,"CdID":354126,"PricePaid":9,"Date":"2022-04-08T03:20:58.623Z"},{"StoreID":98077,"SalesPersonID":10,"CdID":321654,"PricePaid":15,"Date":"2022-04-08T03:25:58.626Z"},{"StoreID":98053,"SalesPersonID":1,"CdID":354126,"PricePaid":15,"Date":"2022-04-08T03:36:58.639Z"},{"StoreID":98055,"SalesPersonID":13,"CdID":621453,"PricePaid":11,"Date":"2022-04-08T03:40:58.645Z"},{"StoreID":98011,"SalesPersonID":20,"CdID":654321,"PricePaid":12,"Date":"2022-04-08T03:53:58.648Z"},{"StoreID":98077,"SalesPersonID":12,"CdID":123654,"PricePaid":5,"Date":"2022-04-08T04:05:58.650Z"},{"StoreID":98077,"SalesPersonID":11,"CdID":623451,"PricePaid":6,"Date":"2022-04-08T04:14:58.651Z"},{"StoreID":98055,"SalesPersonID":13,"CdID":623451,"PricePaid":11,"Date":"2022-04-08T04:20:58.653Z"},{"StoreID":98077,"SalesPersonID":12,"CdID":123456,"PricePaid":9,"Date":"2022-04-08T04:31:58.654Z"},{"StoreID":98011,"SalesPersonID":18,"CdID":123654,"PricePaid":7,"Date":"2022-04-08T04:45:58.655Z"},{"StoreID":98055,"SalesPersonID":14,"CdID":321456,"PricePaid":14,"Date":"2022-04-08T04:48:58.657Z"},{"StoreID":98007,"SalesPersonID":7,"CdID":654321,"PricePaid":11,"Date":"2022-04-08T04:53:58.658Z"},{"StoreID":98011,"SalesPersonID":18,"CdID":321456,"PricePaid":12,"Date":"2022-04-08T05:02:58.659Z"},{"StoreID":98077,"SalesPersonID":10,"CdID":623451,"PricePaid":15,"Date":"2022-04-08T05:05:58.660Z"},{"StoreID":98046,"SalesPersonID":23,"CdID":354126,"PricePaid":10,"Date":"2022-04-08T05:19:58.662Z"},{"StoreID":98011,"SalesPersonID":20,"CdID":543216,"PricePaid":12,"Date":"2022-04-08T05:26:58.663Z"},{"StoreID":98046,"SalesPersonID":23,"CdID":354126,"PricePaid":15,"Date":"2022-04-08T05:28:58.663Z"},{"StoreID":98011,"SalesPersonID":19,"CdID":543216,"PricePaid":6,"Date":"2022-04-08T05:39:58.664Z"},{"StoreID":98007,"SalesPersonID":6,"CdID":621453,"PricePaid":15,"Date":"2022-04-08T05:52:58.664Z"},{"StoreID":98011,"SalesPersonID":19,"CdID":123654,"PricePaid":13,"Date":"2022-04-08T06:03:58.666Z"},{"StoreID":98011,"SalesPersonID":17,"CdID":354126,"PricePaid":7,"Date":"2022-04-08T06:06:58.666Z"},{"StoreID":98053,"SalesPersonID":3,"CdID":321654,"PricePaid":15,"Date":"2022-04-08T06:11:58.667Z"},{"StoreID":98007,"SalesPersonID":5,"CdID":354126,"PricePaid":15,"Date":"2022-04-08T06:19:58.674Z"},{"StoreID":98053,"SalesPersonID":3,"CdID":621453,"PricePaid":5,"Date":"2022-04-08T06:33:58.679Z"},{"StoreID":98053,"SalesPersonID":2,"CdID":321456,"PricePaid":13,"Date":"2022-04-08T06:45:58.683Z"},{"StoreID":98007,"SalesPersonID":8,"CdID":543216,"PricePaid":9,"Date":"2022-04-08T06:49:58.686Z"},{"StoreID":98011,"SalesPersonID":17,"CdID":623451,"PricePaid":15,"Date":"2022-04-08T07:03:58.687Z"},{"StoreID":98053,"SalesPersonID":3,"CdID":543216,"PricePaid":11,"Date":"2022-04-08T07:13:58.688Z"},{"StoreID":98055,"SalesPersonID":13,"CdID":654321,"PricePaid":8,"Date":"2022-04-08T07:24:58.691Z"},{"StoreID":98053,"SalesPersonID":2,"CdID":623451,"PricePaid":5,"Date":"2022-04-08T07:36:58.692Z"},{"StoreID":98053,"SalesPersonID":4,"CdID":654321,"PricePaid":14,"Date":"2022-04-08T07:44:58.694Z"},{"StoreID":98053,"SalesPersonID":4,"CdID":623451,"PricePaid":11,"Date":"2022-04-08T07:53:58.696Z"},{"StoreID":98053,"SalesPersonID":1,"CdID":123654,"PricePaid":9,"Date":"2022-04-08T08:05:58.698Z"},{"StoreID":98077,"SalesPersonID":9,"CdID":621453,"PricePaid":12,"Date":"2022-04-08T08:12:58.699Z"},{"StoreID":98046,"SalesPersonID":24,"CdID":354126,"PricePaid":12,"Date":"2022-04-08T08:17:58.700Z"},{"StoreID":98007,"SalesPersonID":8,"CdID":654321,"PricePaid":10,"Date":"2022-04-08T08:29:58.701Z"},{"StoreID":98046,"SalesPersonID":23,"CdID":621453,"PricePaid":11,"Date":"2022-04-08T08:40:58.701Z"},{"StoreID":98007,"SalesPersonID":8,"CdID":321654,"PricePaid":12,"Date":"2022-04-08T08:51:58.702Z"},{"StoreID":98055,"SalesPersonID":15,"CdID":621453,"PricePaid":6,"Date":"2022-04-08T08:56:58.703Z"},{"StoreID":98046,"SalesPersonID":22,"CdID":354126,"PricePaid":6,"Date":"2022-04-08T09:06:58.706Z"},{"StoreID":98055,"SalesPersonID":13,"CdID":354126,"PricePaid":9,"Date":"2022-04-08T09:11:58.708Z"},{"StoreID":98055,"SalesPersonID":14,"CdID":543216,"PricePaid":9,"Date":"2022-04-08T09:17:58.708Z"},{"StoreID":98053,"SalesPersonID":1,"CdID":123654,"PricePaid":9,"Date":"2022-04-08T09:19:58.721Z"},{"StoreID":98007,"SalesPersonID":8,"CdID":623451,"PricePaid":8,"Date":"2022-04-08T09:32:58.724Z"},{"StoreID":98055,"SalesPersonID":13,"CdID":354126,"PricePaid":14,"Date":"2022-04-08T09:38:58.727Z"},{"StoreID":98053,"SalesPersonID":3,"CdID":654123,"PricePaid":7,"Date":"2022-04-08T09:52:58.728Z"},{"StoreID":98007,"SalesPersonID":5,"CdID":123654,"PricePaid":9,"Date":"2022-04-08T10:04:58.730Z"},{"StoreID":98055,"SalesPersonID":13,"CdID":621453,"PricePaid":5,"Date":"2022-04-08T10:18:58.731Z"},{"StoreID":98077,"SalesPersonID":9,"CdID":321456,"PricePaid":6,"Date":"2022-04-08T10:26:58.732Z"},{"StoreID":98011,"SalesPersonID":18,"CdID":354126,"PricePaid":7,"Date":"2022-04-08T10:34:58.732Z"},{"StoreID":98055,"SalesPersonID":15,"CdID":321456,"PricePaid":7,"Date":"2022-04-08T10:37:58.733Z"},{"StoreID":98077,"SalesPersonID":12,"CdID":543216,"PricePaid":6,"Date":"2022-04-08T10:48:58.734Z"},{"StoreID":98077,"SalesPersonID":11,"CdID":543216,"PricePaid":13,"Date":"2022-04-08T10:57:58.734Z"},{"StoreID":98053,"SalesPersonID":4,"CdID":354126,"PricePaid":10,"Date":"2022-04-08T11:01:58.735Z"},{"StoreID":98046,"SalesPersonID":22,"CdID":321654,"PricePaid":5,"Date":"2022-04-08T11:03:58.736Z"},{"StoreID":98055,"SalesPersonID":13,"CdID":123654,"PricePaid":5,"Date":"2022-04-08T11:15:58.736Z"},{"StoreID":98007,"SalesPersonID":7,"CdID":623451,"PricePaid":9,"Date":"2022-04-08T11:22:58.737Z"},{"StoreID":98007,"SalesPersonID":7,"CdID":654123,"PricePaid":14,"Date":"2022-04-08T11:32:58.738Z"},{"StoreID":98055,"SalesPersonID":13,"CdID":654321,"PricePaid":6,"Date":"2022-04-08T11:41:58.739Z"},{"StoreID":98077,"SalesPersonID":10,"CdID":623451,"PricePaid":7,"Date":"2022-04-08T11:44:58.739Z"},{"StoreID":98055,"SalesPersonID":13,"CdID":354126,"PricePaid":14,"Date":"2022-04-08T11:47:58.740Z"},{"StoreID":98077,"SalesPersonID":12,"CdID":354126,"PricePaid":10,"Date":"2022-04-08T12:00:58.754Z"},{"StoreID":98046,"SalesPersonID":24,"CdID":123456,"PricePaid":5,"Date":"2022-04-08T12:11:58.758Z"},{"StoreID":98077,"SalesPersonID":12,"CdID":543216,"PricePaid":14,"Date":"2022-04-08T12:21:58.759Z"},{"StoreID":98055,"SalesPersonID":16,"CdID":354126,"PricePaid":15,"Date":"2022-04-08T12:27:58.760Z"},{"StoreID":98077,"SalesPersonID":9,"CdID":123456,"PricePaid":12,"Date":"2022-04-08T12:37:58.761Z"},{"StoreID":98007,"SalesPersonID":6,"CdID":123654,"PricePaid":15,"Date":"2022-04-08T12:44:58.762Z"},{"StoreID":98007,"SalesPersonID":7,"CdID":654321,"PricePaid":8,"Date":"2022-04-08T12:56:58.765Z"},{"StoreID":98053,"SalesPersonID":4,"CdID":654321,"PricePaid":12,"Date":"2022-04-08T13:10:58.766Z"},{"StoreID":98046,"SalesPersonID":23,"CdID":123654,"PricePaid":8,"Date":"2022-04-08T13:14:58.767Z"},{"StoreID":98053,"SalesPersonID":1,"CdID":623451,"PricePaid":6,"Date":"2022-04-08T13:17:58.768Z"},{"StoreID":98007,"SalesPersonID":8,"CdID":654321,"PricePaid":12,"Date":"2022-04-08T13:23:58.769Z"},{"StoreID":98011,"SalesPersonID":18,"CdID":354126,"PricePaid":7,"Date":"2022-04-08T13:30:58.771Z"},{"StoreID":98011,"SalesPersonID":20,"CdID":321456,"PricePaid":9,"Date":"2022-04-08T13:36:58.772Z"},{"StoreID":98011,"SalesPersonID":18,"CdID":621453,"PricePaid":11,"Date":"2022-04-08T13:46:58.776Z"},{"StoreID":98055,"SalesPersonID":14,"CdID":321654,"PricePaid":14,"Date":"2022-04-08T13:54:58.777Z"},{"StoreID":98055,"SalesPersonID":14,"CdID":621453,"PricePaid":13,"Date":"2022-04-08T14:02:58.778Z"},{"StoreID":98053,"SalesPersonID":4,"CdID":123456,"PricePaid":13,"Date":"2022-04-08T14:13:58.783Z"},{"StoreID":98046,"SalesPersonID":24,"CdID":321456,"PricePaid":5,"Date":"2022-04-08T14:15:58.785Z"},{"StoreID":98055,"SalesPersonID":15,"CdID":123654,"PricePaid":10,"Date":"2022-04-08T14:20:58.786Z"},{"StoreID":98055,"SalesPersonID":15,"CdID":123456,"PricePaid":12,"Date":"2022-04-08T14:28:58.786Z"},{"StoreID":98053,"SalesPersonID":1,"CdID":321654,"PricePaid":10,"Date":"2022-04-08T14:39:58.794Z"},{"StoreID":98011,"SalesPersonID":20,"CdID":654321,"PricePaid":8,"Date":"2022-04-08T14:52:58.800Z"},{"StoreID":98053,"SalesPersonID":1,"CdID":654321,"PricePaid":9,"Date":"2022-04-08T14:57:58.803Z"},{"StoreID":98007,"SalesPersonID":5,"CdID":623451,"PricePaid":7,"Date":"2022-04-08T15:03:58.805Z"},{"StoreID":98046,"SalesPersonID":22,"CdID":321456,"PricePaid":9,"Date":"2022-04-08T15:06:58.806Z"},{"StoreID":98046,"SalesPersonID":21,"CdID":543216,"PricePaid":15,"Date":"2022-04-08T15:14:58.807Z"},{"StoreID":98053,"SalesPersonID":2,"CdID":543216,"PricePaid":5,"Date":"2022-04-08T15:22:58.808Z"},{"StoreID":98046,"SalesPersonID":24,"CdID":354126,"PricePaid":5,"Date":"2022-04-08T15:25:58.809Z"},{"StoreID":98046,"SalesPersonID":23,"CdID":543216,"PricePaid":8,"Date":"2022-04-08T15:37:58.813Z"},{"StoreID":98055,"SalesPersonID":15,"CdID":123456,"PricePaid":9,"Date":"2022-04-08T15:49:58.815Z"},{"StoreID":98055,"SalesPersonID":14,"CdID":123654,"PricePaid":11,"Date":"2022-04-08T16:03:58.817Z"},{"StoreID":98055,"SalesPersonID":16,"CdID":654123,"PricePaid":12,"Date":"2022-04-08T16:09:58.818Z"},{"StoreID":98007,"SalesPersonID":8,"CdID":123654,"PricePaid":15,"Date":"2022-04-08T16:21:58.818Z"},{"StoreID":98046,"SalesPersonID":21,"CdID":654123,"PricePaid":15,"Date":"2022-04-08T16:33:58.821Z"},{"StoreID":98007,"SalesPersonID":8,"CdID":623451,"PricePaid":5,"Date":"2022-04-08T16:38:58.822Z"},{"StoreID":98007,"SalesPersonID":5,"CdID":623451,"PricePaid":8,"Date":"2022-04-08T16:48:58.823Z"},{"StoreID":98077,"SalesPersonID":10,"CdID":354126,"PricePaid":9,"Date":"2022-04-08T17:01:58.824Z"},{"StoreID":98007,"SalesPersonID":6,"CdID":354126,"PricePaid":6,"Date":"2022-04-08T17:09:58.828Z"},{"StoreID":98011,"SalesPersonID":17,"CdID":354126,"PricePaid":11,"Date":"2022-04-08T17:22:58.829Z"},{"StoreID":98053,"SalesPersonID":3,"CdID":621453,"PricePaid":14,"Date":"2022-04-08T17:35:58.831Z"},{"StoreID":98077,"SalesPersonID":9,"CdID":123456,"PricePaid":15,"Date":"2022-04-08T17:49:58.847Z"},{"StoreID":98055,"SalesPersonID":16,"CdID":623451,"PricePaid":15,"Date":"2022-04-08T17:54:58.852Z"},{"StoreID":98055,"SalesPersonID":16,"CdID":123456,"PricePaid":10,"Date":"2022-04-08T18:03:58.853Z"},{"StoreID":98077,"SalesPersonID":11,"CdID":321654,"PricePaid":10,"Date":"2022-04-08T18:07:58.855Z"},{"StoreID":98055,"SalesPersonID":13,"CdID":321456,"PricePaid":10,"Date":"2022-04-08T18:19:58.857Z"},{"StoreID":98077,"SalesPersonID":10,"CdID":654321,"PricePaid":12,"Date":"2022-04-08T18:22:58.858Z"},{"StoreID":98077,"SalesPersonID":10,"CdID":623451,"PricePaid":13,"Date":"2022-04-08T18:24:58.859Z"},{"StoreID":98007,"SalesPersonID":7,"CdID":321456,"PricePaid":6,"Date":"2022-04-08T18:30:58.862Z"},{"StoreID":98011,"SalesPersonID":17,"CdID":623451,"PricePaid":6,"Date":"2022-04-08T18:44:58.865Z"},{"StoreID":98055,"SalesPersonID":13,"CdID":621453,"PricePaid":11,"Date":"2022-04-08T18:55:58.866Z"},{"StoreID":98053,"SalesPersonID":4,"CdID":321456,"PricePaid":10,"Date":"2022-04-08T19:03:58.867Z"},{"StoreID":98053,"SalesPersonID":1,"CdID":623451,"PricePaid":11,"Date":"2022-04-08T19:08:58.868Z"},{"StoreID":98007,"SalesPersonID":5,"CdID":543216,"PricePaid":10,"Date":"2022-04-08T19:17:58.869Z"},{"StoreID":98053,"SalesPersonID":3,"CdID":621453,"PricePaid":6,"Date":"2022-04-08T19:20:58.870Z"},{"StoreID":98011,"SalesPersonID":20,"CdID":321456,"PricePaid":12,"Date":"2022-04-08T19:28:58.871Z"},{"StoreID":98077,"SalesPersonID":9,"CdID":123654,"PricePaid":11,"Date":"2022-04-08T19:39:58.871Z"},{"StoreID":98053,"SalesPersonID":2,"CdID":123654,"PricePaid":6,"Date":"2022-04-08T19:42:58.872Z"},{"StoreID":98077,"SalesPersonID":9,"CdID":621453,"PricePaid":7,"Date":"2022-04-08T19:47:58.874Z"},{"StoreID":98053,"SalesPersonID":3,"CdID":621453,"PricePaid":13,"Date":"2022-04-08T19:58:58.874Z"},{"StoreID":98007,"SalesPersonID":8,"CdID":321654,"PricePaid":6,"Date":"2022-04-08T20:06:58.891Z"},{"StoreID":98053,"SalesPersonID":3,"CdID":354126,"PricePaid":10,"Date":"2022-04-08T20:17:58.894Z"},{"StoreID":98077,"SalesPersonID":12,"CdID":321654,"PricePaid":14,"Date":"2022-04-08T20:22:58.896Z"},{"StoreID":98055,"SalesPersonID":16,"CdID":123456,"PricePaid":13,"Date":"2022-04-08T20:25:58.899Z"},{"StoreID":98055,"SalesPersonID":13,"CdID":321654,"PricePaid":12,"Date":"2022-04-08T20:37:58.901Z"},{"StoreID":98055,"SalesPersonID":15,"CdID":654321,"PricePaid":14,"Date":"2022-04-08T20:45:58.902Z"},{"StoreID":98077,"SalesPersonID":11,"CdID":623451,"PricePaid":6,"Date":"2022-04-08T20:58:58.903Z"},{"StoreID":98046,"SalesPersonID":22,"CdID":321456,"PricePaid":7,"Date":"2022-04-08T21:05:58.907Z"},{"StoreID":98055,"SalesPersonID":15,"CdID":321654,"PricePaid":10,"Date":"2022-04-08T21:08:58.909Z"},{"StoreID":98053,"SalesPersonID":3,"CdID":654321,"PricePaid":9,"Date":"2022-04-08T21:20:58.910Z"},{"StoreID":98077,"SalesPersonID":9,"CdID":321654,"PricePaid":13,"Date":"2022-04-08T21:23:58.912Z"},{"StoreID":98046,"SalesPersonID":22,"CdID":321654,"PricePaid":9,"Date":"2022-04-08T21:28:58.913Z"},{"StoreID":98007,"SalesPersonID":5,"CdID":354126,"PricePaid":14,"Date":"2022-04-08T21:31:58.918Z"},{"StoreID":98007,"SalesPersonID":5,"CdID":354126,"PricePaid":6,"Date":"2022-04-08T21:37:58.920Z"},{"StoreID":98046,"SalesPersonID":21,"CdID":123654,"PricePaid":5,"Date":"2022-04-08T21:46:58.923Z"},{"StoreID":98046,"SalesPersonID":23,"CdID":354126,"PricePaid":11,"Date":"2022-04-08T21:54:58.924Z"},{"StoreID":98011,"SalesPersonID":20,"CdID":354126,"PricePaid":8,"Date":"2022-04-08T22:04:58.926Z"},{"StoreID":98077,"SalesPersonID":12,"CdID":321654,"PricePaid":11,"Date":"2022-04-08T22:16:58.928Z"},{"StoreID":98055,"SalesPersonID":16,"CdID":654123,"PricePaid":15,"Date":"2022-04-08T22:25:58.930Z"},{"StoreID":98007,"SalesPersonID":5,"CdID":654123,"PricePaid":11,"Date":"2022-04-08T22:37:58.931Z"},{"StoreID":98077,"SalesPersonID":9,"CdID":543216,"PricePaid":14,"Date":"2022-04-08T22:44:58.942Z"},{"StoreID":98077,"SalesPersonID":12,"CdID":321654,"PricePaid":6,"Date":"2022-04-08T22:55:58.942Z"},{"StoreID":98053,"SalesPersonID":2,"CdID":123456,"PricePaid":9,"Date":"2022-04-08T23:06:58.947Z"},{"StoreID":98055,"SalesPersonID":15,"CdID":654321,"PricePaid":8,"Date":"2022-04-08T23:16:58.948Z"},{"StoreID":98007,"SalesPersonID":7,"CdID":321654,"PricePaid":15,"Date":"2022-04-08T23:19:58.949Z"},{"StoreID":98046,"SalesPersonID":24,"CdID":621453,"PricePaid":15,"Date":"2022-04-08T23:21:58.950Z"},{"StoreID":98055,"SalesPersonID":13,"CdID":123456,"PricePaid":9,"Date":"2022-04-08T23:26:58.951Z"},{"StoreID":98077,"SalesPersonID":12,"CdID":123654,"PricePaid":15,"Date":"2022-04-08T23:34:58.952Z"},{"StoreID":98055,"SalesPersonID":14,"CdID":621453,"PricePaid":7,"Date":"2022-04-08T23:48:58.953Z"},{"StoreID":98007,"SalesPersonID":5,"CdID":321654,"PricePaid":6,"Date":"2022-04-08T23:52:58.954Z"},{"StoreID":98007,"SalesPersonID":8,"CdID":354126,"PricePaid":9,"Date":"2022-04-09T00:04:58.955Z"},{"StoreID":98055,"SalesPersonID":14,"CdID":621453,"PricePaid":9,"Date":"2022-04-09T00:07:58.956Z"},{"StoreID":98055,"SalesPersonID":13,"CdID":543216,"PricePaid":6,"Date":"2022-04-09T00:09:58.957Z"},{"StoreID":98046,"SalesPersonID":22,"CdID":321654,"PricePaid":14,"Date":"2022-04-09T00:15:58.958Z"},{"StoreID":98053,"SalesPersonID":4,"CdID":621453,"PricePaid":6,"Date":"2022-04-09T00:20:58.960Z"},{"StoreID":98011,"SalesPersonID":18,"CdID":321654,"PricePaid":5,"Date":"2022-04-09T00:32:58.964Z"},{"StoreID":98077,"SalesPersonID":10,"CdID":543216,"PricePaid":8,"Date":"2022-04-09T00:39:58.965Z"},{"StoreID":98007,"SalesPersonID":7,"CdID":621453,"PricePaid":15,"Date":"2022-04-09T00:41:58.969Z"},{"StoreID":98011,"SalesPersonID":19,"CdID":354126,"PricePaid":9,"Date":"2022-04-09T00:49:58.971Z"},{"StoreID":98046,"SalesPersonID":21,"CdID":321456,"PricePaid":8,"Date":"2022-04-09T00:58:58.975Z"},{"StoreID":98046,"SalesPersonID":21,"CdID":123456,"PricePaid":9,"Date":"2022-04-09T01:11:58.981Z"},{"StoreID":98055,"SalesPersonID":15,"CdID":623451,"PricePaid":8,"Date":"2022-04-09T01:13:58.981Z"},{"StoreID":98055,"SalesPersonID":14,"CdID":623451,"PricePaid":7,"Date":"2022-04-09T01:26:58.983Z"},{"StoreID":98011,"SalesPersonID":19,"CdID":354126,"PricePaid":8,"Date":"2022-04-09T01:28:58.986Z"},{"StoreID":98055,"SalesPersonID":15,"CdID":623451,"PricePaid":9,"Date":"2022-04-09T01:33:58.990Z"},{"StoreID":98011,"SalesPersonID":18,"CdID":623451,"PricePaid":6,"Date":"2022-04-09T01:45:58.991Z"},{"StoreID":98011,"SalesPersonID":20,"CdID":123456,"PricePaid":13,"Date":"2022-04-09T01:48:58.996Z"},{"StoreID":98046,"SalesPersonID":24,"CdID":621453,"PricePaid":14,"Date":"2022-04-09T01:51:58.998Z"},{"StoreID":98007,"SalesPersonID":8,"CdID":623451,"PricePaid":9,"Date":"2022-04-09T02:05:58.999Z"},{"StoreID":98007,"SalesPersonID":6,"CdID":321654,"PricePaid":6,"Date":"2022-04-09T02:17:59.000Z"},{"StoreID":98053,"SalesPersonID":4,"CdID":123654,"PricePaid":12,"Date":"2022-04-09T02:25:59.001Z"},{"StoreID":98077,"SalesPersonID":12,"CdID":621453,"PricePaid":15,"Date":"2022-04-09T02:31:59.001Z"},{"StoreID":98046,"SalesPersonID":22,"CdID":123456,"PricePaid":8,"Date":"2022-04-09T02:43:59.003Z"},{"StoreID":98046,"SalesPersonID":22,"CdID":123654,"PricePaid":7,"Date":"2022-04-09T02:47:59.005Z"},{"StoreID":98053,"SalesPersonID":4,"CdID":321654,"PricePaid":11,"Date":"2022-04-09T02:50:59.006Z"},{"StoreID":98046,"SalesPersonID":22,"CdID":621453,"PricePaid":11,"Date":"2022-04-09T02:57:59.007Z"},{"StoreID":98046,"SalesPersonID":24,"CdID":621453,"PricePaid":10,"Date":"2022-04-09T03:05:59.011Z"},{"StoreID":98007,"SalesPersonID":7,"CdID":321456,"PricePaid":7,"Date":"2022-04-09T03:16:59.012Z"},{"StoreID":98007,"SalesPersonID":7,"CdID":654321,"PricePaid":8,"Date":"2022-04-09T03:23:59.013Z"},{"StoreID":98055,"SalesPersonID":15,"CdID":543216,"PricePaid":7,"Date":"2022-04-09T03:28:59.014Z"},{"StoreID":98046,"SalesPersonID":23,"CdID":654321,"PricePaid":6,"Date":"2022-04-09T03:35:59.018Z"},{"StoreID":98046,"SalesPersonID":21,"CdID":354126,"PricePaid":8,"Date":"2022-04-09T03:45:59.019Z"},{"StoreID":98055,"SalesPersonID":14,"CdID":321654,"PricePaid":14,"Date":"2022-04-09T03:50:59.020Z"},{"StoreID":98077,"SalesPersonID":10,"CdID":354126,"PricePaid":14,"Date":"2022-04-09T03:59:59.025Z"},{"StoreID":98053,"SalesPersonID":1,"CdID":354126,"PricePaid":14,"Date":"2022-04-09T04:08:59.026Z"},{"StoreID":98055,"SalesPersonID":13,"CdID":123654,"PricePaid":6,"Date":"2022-04-09T04:21:59.030Z"},{"StoreID":98055,"SalesPersonID":13,"CdID":654123,"PricePaid":10,"Date":"2022-04-09T04:34:59.036Z"},{"StoreID":98011,"SalesPersonID":20,"CdID":623451,"PricePaid":11,"Date":"2022-04-09T04:47:59.037Z"},{"StoreID":98046,"SalesPersonID":23,"CdID":621453,"PricePaid":13,"Date":"2022-04-09T04:58:59.042Z"},{"StoreID":98046,"SalesPersonID":21,"CdID":623451,"PricePaid":9,"Date":"2022-04-09T05:04:59.043Z"},{"StoreID":98077,"SalesPersonID":11,"CdID":654123,"PricePaid":8,"Date":"2022-04-09T05:18:59.047Z"},{"StoreID":98007,"SalesPersonID":6,"CdID":654123,"PricePaid":11,"Date":"2022-04-09T05:21:59.049Z"},{"StoreID":98053,"SalesPersonID":4,"CdID":654123,"PricePaid":7,"Date":"2022-04-09T05:35:59.050Z"},{"StoreID":98053,"SalesPersonID":4,"CdID":123456,"PricePaid":15,"Date":"2022-04-09T05:45:59.051Z"},{"StoreID":98053,"SalesPersonID":4,"CdID":654321,"PricePaid":12,"Date":"2022-04-09T05:59:59.051Z"},{"StoreID":98053,"SalesPersonID":2,"CdID":321654,"PricePaid":7,"Date":"2022-04-09T06:06:59.052Z"},{"StoreID":98007,"SalesPersonID":8,"CdID":654321,"PricePaid":15,"Date":"2022-04-09T06:09:59.053Z"},{"StoreID":98055,"SalesPersonID":14,"CdID":354126,"PricePaid":11,"Date":"2022-04-09T06:21:59.054Z"},{"StoreID":98055,"SalesPersonID":14,"CdID":621453,"PricePaid":15,"Date":"2022-04-09T06:26:59.055Z"},{"StoreID":98011,"SalesPersonID":17,"CdID":321456,"PricePaid":12,"Date":"2022-04-09T06:28:59.074Z"},{"StoreID":98007,"SalesPersonID":5,"CdID":123456,"PricePaid":8,"Date":"2022-04-09T06:42:59.078Z"},{"StoreID":98077,"SalesPersonID":10,"CdID":621453,"PricePaid":13,"Date":"2022-04-09T06:49:59.080Z"},{"StoreID":98007,"SalesPersonID":5,"CdID":354126,"PricePaid":8,"Date":"2022-04-09T07:02:59.081Z"},{"StoreID":98053,"SalesPersonID":1,"CdID":543216,"PricePaid":13,"Date":"2022-04-09T07:09:59.083Z"},{"StoreID":98053,"SalesPersonID":4,"CdID":321456,"PricePaid":8,"Date":"2022-04-09T07:22:59.085Z"},{"StoreID":98077,"SalesPersonID":10,"CdID":321456,"PricePaid":6,"Date":"2022-04-09T07:28:59.087Z"},{"StoreID":98053,"SalesPersonID":3,"CdID":654321,"PricePaid":15,"Date":"2022-04-09T07:35:59.088Z"},{"StoreID":98055,"SalesPersonID":16,"CdID":654321,"PricePaid":8,"Date":"2022-04-09T07:37:59.090Z"},{"StoreID":98053,"SalesPersonID":4,"CdID":123456,"PricePaid":6,"Date":"2022-04-09T07:45:59.093Z"},{"StoreID":98011,"SalesPersonID":17,"CdID":123456,"PricePaid":5,"Date":"2022-04-09T07:52:59.094Z"},{"StoreID":98007,"SalesPersonID":8,"CdID":354126,"PricePaid":13,"Date":"2022-04-09T07:58:59.094Z"},{"StoreID":98011,"SalesPersonID":18,"CdID":354126,"PricePaid":8,"Date":"2022-04-09T08:09:59.096Z"},{"StoreID":98055,"SalesPersonID":16,"CdID":654321,"PricePaid":9,"Date":"2022-04-09T08:13:59.097Z"},{"StoreID":98011,"SalesPersonID":18,"CdID":621453,"PricePaid":9,"Date":"2022-04-09T08:18:59.097Z"},{"StoreID":98011,"SalesPersonID":20,"CdID":543216,"PricePaid":7,"Date":"2022-04-09T08:25:59.098Z"},{"StoreID":98053,"SalesPersonID":1,"CdID":543216,"PricePaid":11,"Date":"2022-04-09T08:35:59.099Z"},{"StoreID":98053,"SalesPersonID":2,"CdID":623451,"PricePaid":11,"Date":"2022-04-09T08:42:59.100Z"},{"StoreID":98077,"SalesPersonID":9,"CdID":621453,"PricePaid":14,"Date":"2022-04-09T08:47:59.101Z"},{"StoreID":98055,"SalesPersonID":15,"CdID":543216,"PricePaid":14,"Date":"2022-04-09T09:00:59.102Z"},{"StoreID":98007,"SalesPersonID":8,"CdID":123654,"PricePaid":13,"Date":"2022-04-09T09:09:59.113Z"},{"StoreID":98053,"SalesPersonID":2,"CdID":543216,"PricePaid":13,"Date":"2022-04-09T09:11:59.118Z"},{"StoreID":98007,"SalesPersonID":5,"CdID":621453,"PricePaid":15,"Date":"2022-04-09T09:18:59.122Z"},{"StoreID":98077,"SalesPersonID":11,"CdID":654321,"PricePaid":11,"Date":"2022-04-09T09:30:59.127Z"},{"StoreID":98053,"SalesPersonID":4,"CdID":543216,"PricePaid":14,"Date":"2022-04-09T09:39:59.129Z"},{"StoreID":98053,"SalesPersonID":3,"CdID":123456,"PricePaid":5,"Date":"2022-04-09T09:51:59.130Z"},{"StoreID":98055,"SalesPersonID":13,"CdID":321456,"PricePaid":8,"Date":"2022-04-09T10:02:59.131Z"},{"StoreID":98046,"SalesPersonID":21,"CdID":321456,"PricePaid":6,"Date":"2022-04-09T10:14:59.132Z"},{"StoreID":98007,"SalesPersonID":8,"CdID":654321,"PricePaid":7,"Date":"2022-04-09T10:22:59.132Z"},{"StoreID":98007,"SalesPersonID":6,"CdID":621453,"PricePaid":8,"Date":"2022-04-09T10:36:59.133Z"},{"StoreID":98011,"SalesPersonID":17,"CdID":354126,"PricePaid":8,"Date":"2022-04-09T10:42:59.134Z"},{"StoreID":98077,"SalesPersonID":9,"CdID":623451,"PricePaid":11,"Date":"2022-04-09T10:53:59.135Z"},{"StoreID":98053,"SalesPersonID":4,"CdID":623451,"PricePaid":12,"Date":"2022-04-09T11:05:59.138Z"},{"StoreID":98077,"SalesPersonID":10,"CdID":123456,"PricePaid":15,"Date":"2022-04-09T11:17:59.140Z"},{"StoreID":98077,"SalesPersonID":9,"CdID":123654,"PricePaid":15,"Date":"2022-04-09T11:24:59.141Z"},{"StoreID":98055,"SalesPersonID":15,"CdID":623451,"PricePaid":15,"Date":"2022-04-09T11:28:59.142Z"},{"StoreID":98011,"SalesPersonID":18,"CdID":623451,"PricePaid":7,"Date":"2022-04-09T11:31:59.143Z"},{"StoreID":98077,"SalesPersonID":10,"CdID":621453,"PricePaid":5,"Date":"2022-04-09T11:45:59.144Z"},{"StoreID":98011,"SalesPersonID":17,"CdID":654123,"PricePaid":5,"Date":"2022-04-09T11:48:59.145Z"},{"StoreID":98046,"SalesPersonID":24,"CdID":654321,"PricePaid":9,"Date":"2022-04-09T11:54:59.146Z"},{"StoreID":98011,"SalesPersonID":17,"CdID":123456,"PricePaid":7,"Date":"2022-04-09T12:05:59.163Z"},{"StoreID":98077,"SalesPersonID":9,"CdID":654321,"PricePaid":14,"Date":"2022-04-09T12:11:59.164Z"},{"StoreID":98053,"SalesPersonID":2,"CdID":321654,"PricePaid":6,"Date":"2022-04-09T12:14:59.166Z"},{"StoreID":98053,"SalesPersonID":1,"CdID":654321,"PricePaid":7,"Date":"2022-04-09T12:26:59.167Z"},{"StoreID":98046,"SalesPersonID":23,"CdID":654321,"PricePaid":9,"Date":"2022-04-09T12:29:59.168Z"},{"StoreID":98011,"SalesPersonID":20,"CdID":621453,"PricePaid":13,"Date":"2022-04-09T12:33:59.168Z"},{"StoreID":98011,"SalesPersonID":19,"CdID":123654,"PricePaid":8,"Date":"2022-04-09T12:36:59.170Z"},{"StoreID":98055,"SalesPersonID":13,"CdID":321654,"PricePaid":7,"Date":"2022-04-09T12:46:59.171Z"},{"StoreID":98053,"SalesPersonID":1,"CdID":321654,"PricePaid":6,"Date":"2022-04-09T12:59:59.172Z"},{"StoreID":98077,"SalesPersonID":10,"CdID":621453,"PricePaid":10,"Date":"2022-04-09T13:08:59.173Z"},{"StoreID":98053,"SalesPersonID":3,"CdID":623451,"PricePaid":10,"Date":"2022-04-09T13:17:59.174Z"},{"StoreID":98077,"SalesPersonID":12,"CdID":543216,"PricePaid":7,"Date":"2022-04-09T13:20:59.174Z"},{"StoreID":98046,"SalesPersonID":22,"CdID":321654,"PricePaid":5,"Date":"2022-04-09T13:34:59.175Z"},{"StoreID":98077,"SalesPersonID":11,"CdID":623451,"PricePaid":11,"Date":"2022-04-09T13:43:59.176Z"},{"StoreID":98055,"SalesPersonID":14,"CdID":543216,"PricePaid":6,"Date":"2022-04-09T13:45:59.177Z"},{"StoreID":98046,"SalesPersonID":24,"CdID":654321,"PricePaid":9,"Date":"2022-04-09T13:58:59.178Z"},{"StoreID":98007,"SalesPersonID":5,"CdID":623451,"PricePaid":14,"Date":"2022-04-09T14:10:59.179Z"},{"StoreID":98011,"SalesPersonID":17,"CdID":654321,"PricePaid":6,"Date":"2022-04-09T14:17:59.179Z"},{"StoreID":98077,"SalesPersonID":10,"CdID":623451,"PricePaid":5,"Date":"2022-04-09T14:26:59.180Z"},{"StoreID":98046,"SalesPersonID":24,"CdID":623451,"PricePaid":8,"Date":"2022-04-09T14:29:59.199Z"},{"StoreID":98055,"SalesPersonID":16,"CdID":543216,"PricePaid":9,"Date":"2022-04-09T14:42:59.203Z"},{"StoreID":98046,"SalesPersonID":24,"CdID":321654,"PricePaid":13,"Date":"2022-04-09T14:53:59.205Z"},{"StoreID":98007,"SalesPersonID":8,"CdID":354126,"PricePaid":12,"Date":"2022-04-09T14:59:59.206Z"},{"StoreID":98046,"SalesPersonID":24,"CdID":621453,"PricePaid":10,"Date":"2022-04-09T15:12:59.207Z"},{"StoreID":98055,"SalesPersonID":15,"CdID":543216,"PricePaid":10,"Date":"2022-04-09T15:26:59.209Z"},{"StoreID":98007,"SalesPersonID":6,"CdID":543216,"PricePaid":11,"Date":"2022-04-09T15:30:59.210Z"},{"StoreID":98046,"SalesPersonID":22,"CdID":321654,"PricePaid":11,"Date":"2022-04-09T15:34:59.212Z"},{"StoreID":98053,"SalesPersonID":3,"CdID":321654,"PricePaid":10,"Date":"2022-04-09T15:36:59.214Z"},{"StoreID":98011,"SalesPersonID":17,"CdID":621453,"PricePaid":7,"Date":"2022-04-09T15:44:59.215Z"},{"StoreID":98046,"SalesPersonID":21,"CdID":654321,"PricePaid":6,"Date":"2022-04-09T15:58:59.216Z"},{"StoreID":98011,"SalesPersonID":18,"CdID":654321,"PricePaid":13,"Date":"2022-04-09T16:08:59.217Z"},{"StoreID":98007,"SalesPersonID":5,"CdID":123654,"PricePaid":7,"Date":"2022-04-09T16:13:59.219Z"},{"StoreID":98053,"SalesPersonID":3,"CdID":123654,"PricePaid":8,"Date":"2022-04-09T16:20:59.220Z"},{"StoreID":98007,"SalesPersonID":6,"CdID":543216,"PricePaid":13,"Date":"2022-04-09T16:33:59.221Z"},{"StoreID":98055,"SalesPersonID":16,"CdID":543216,"PricePaid":15,"Date":"2022-04-09T16:36:59.222Z"},{"StoreID":98053,"SalesPersonID":4,"CdID":621453,"PricePaid":11,"Date":"2022-04-09T16:48:59.223Z"},{"StoreID":98011,"SalesPersonID":18,"CdID":654321,"PricePaid":7,"Date":"2022-04-09T16:52:59.223Z"},{"StoreID":98077,"SalesPersonID":9,"CdID":321456,"PricePaid":14,"Date":"2022-04-09T16:59:59.224Z"},{"StoreID":98046,"SalesPersonID":22,"CdID":123456,"PricePaid":13,"Date":"2022-04-09T17:02:59.224Z"},{"StoreID":98007,"SalesPersonID":5,"CdID":321654,"PricePaid":6,"Date":"2022-04-09T17:16:59.234Z"},{"StoreID":98011,"SalesPersonID":18,"CdID":123654,"PricePaid":13,"Date":"2022-04-09T17:23:59.238Z"},{"StoreID":98053,"SalesPersonID":2,"CdID":654123,"PricePaid":9,"Date":"2022-04-09T17:36:59.241Z"},{"StoreID":98007,"SalesPersonID":5,"CdID":654321,"PricePaid":11,"Date":"2022-04-09T17:40:59.244Z"},{"StoreID":98053,"SalesPersonID":4,"CdID":321654,"PricePaid":13,"Date":"2022-04-09T17:45:59.246Z"},{"StoreID":98011,"SalesPersonID":20,"CdID":321456,"PricePaid":6,"Date":"2022-04-09T17:54:59.247Z"},{"StoreID":98055,"SalesPersonID":14,"CdID":654321,"PricePaid":15,"Date":"2022-04-09T18:00:59.249Z"},{"StoreID":98007,"SalesPersonID":7,"CdID":321456,"PricePaid":5,"Date":"2022-04-09T18:09:59.252Z"},{"StoreID":98055,"SalesPersonID":15,"CdID":621453,"PricePaid":12,"Date":"2022-04-09T18:12:59.253Z"},{"StoreID":98055,"SalesPersonID":13,"CdID":321654,"PricePaid":11,"Date":"2022-04-09T18:20:59.257Z"},{"StoreID":98077,"SalesPersonID":12,"CdID":623451,"PricePaid":7,"Date":"2022-04-09T18:32:59.258Z"},{"StoreID":98055,"SalesPersonID":14,"CdID":654321,"PricePaid":7,"Date":"2022-04-09T18:39:59.260Z"},{"StoreID":98053,"SalesPersonID":4,"CdID":654123,"PricePaid":14,"Date":"2022-04-09T18:41:59.261Z"},{"StoreID":98046,"SalesPersonID":23,"CdID":543216,"PricePaid":14,"Date":"2022-04-09T18:49:59.262Z"},{"StoreID":98053,"SalesPersonID":1,"CdID":654321,"PricePaid":9,"Date":"2022-04-09T18:52:59.263Z"},{"StoreID":98053,"SalesPersonID":1,"CdID":623451,"PricePaid":15,"Date":"2022-04-09T18:55:59.266Z"},{"StoreID":98055,"SalesPersonID":14,"CdID":123456,"PricePaid":5,"Date":"2022-04-09T19:00:59.267Z"},{"StoreID":98046,"SalesPersonID":24,"CdID":654321,"PricePaid":12,"Date":"2022-04-09T19:07:59.268Z"},{"StoreID":98011,"SalesPersonID":19,"CdID":321654,"PricePaid":6,"Date":"2022-04-09T19:21:59.271Z"},{"StoreID":98046,"SalesPersonID":24,"CdID":321654,"PricePaid":7,"Date":"2022-04-09T19:31:59.273Z"},{"StoreID":98053,"SalesPersonID":4,"CdID":123456,"PricePaid":11,"Date":"2022-04-09T19:41:59.286Z"},{"StoreID":98077,"SalesPersonID":9,"CdID":123654,"PricePaid":8,"Date":"2022-04-09T19:51:59.288Z"},{"StoreID":98053,"SalesPersonID":4,"CdID":123456,"PricePaid":9,"Date":"2022-04-09T19:57:59.291Z"},{"StoreID":98007,"SalesPersonID":6,"CdID":321654,"PricePaid":10,"Date":"2022-04-09T20:08:59.292Z"},{"StoreID":98046,"SalesPersonID":23,"CdID":623451,"PricePaid":14,"Date":"2022-04-09T20:15:59.295Z"},{"StoreID":98053,"SalesPersonID":2,"CdID":543216,"PricePaid":6,"Date":"2022-04-09T20:21:59.297Z"},{"StoreID":98046,"SalesPersonID":24,"CdID":321654,"PricePaid":9,"Date":"2022-04-09T20:28:59.298Z"},{"StoreID":98053,"SalesPersonID":4,"CdID":623451,"PricePaid":12,"Date":"2022-04-09T20:42:59.300Z"},{"StoreID":98077,"SalesPersonID":9,"CdID":543216,"PricePaid":6,"Date":"2022-04-09T20:48:59.300Z"},{"StoreID":98053,"SalesPersonID":4,"CdID":654321,"PricePaid":10,"Date":"2022-04-09T20:50:59.301Z"},{"StoreID":98055,"SalesPersonID":14,"CdID":654123,"PricePaid":14,"Date":"2022-04-09T21:04:59.301Z"},{"StoreID":98077,"SalesPersonID":9,"CdID":123456,"PricePaid":9,"Date":"2022-04-09T21:11:59.302Z"},{"StoreID":98053,"SalesPersonID":4,"CdID":321456,"PricePaid":8,"Date":"2022-04-09T21:18:59.303Z"},{"StoreID":98046,"SalesPersonID":21,"CdID":621453,"PricePaid":7,"Date":"2022-04-09T21:22:59.303Z"},{"StoreID":98055,"SalesPersonID":14,"CdID":654123,"PricePaid":9,"Date":"2022-04-09T21:30:59.304Z"},{"StoreID":98055,"SalesPersonID":13,"CdID":321654,"PricePaid":12,"Date":"2022-04-09T21:32:59.305Z"},{"StoreID":98077,"SalesPersonID":10,"CdID":123456,"PricePaid":8,"Date":"2022-04-09T21:39:59.306Z"},{"StoreID":98007,"SalesPersonID":8,"CdID":123654,"PricePaid":12,"Date":"2022-04-09T21:50:59.307Z"},{"StoreID":98011,"SalesPersonID":18,"CdID":123654,"PricePaid":5,"Date":"2022-04-09T21:55:59.308Z"},{"StoreID":98077,"SalesPersonID":11,"CdID":621453,"PricePaid":14,"Date":"2022-04-09T22:03:59.320Z"},{"StoreID":98046,"SalesPersonID":23,"CdID":123654,"PricePaid":11,"Date":"2022-04-09T22:10:59.322Z"},{"StoreID":98011,"SalesPersonID":17,"CdID":321456,"PricePaid":6,"Date":"2022-04-09T22:18:59.325Z"},{"StoreID":98055,"SalesPersonID":14,"CdID":321654,"PricePaid":9,"Date":"2022-04-09T22:25:59.326Z"},{"StoreID":98077,"SalesPersonID":11,"CdID":623451,"PricePaid":10,"Date":"2022-04-09T22:27:59.337Z"},{"StoreID":98011,"SalesPersonID":20,"CdID":621453,"PricePaid":6,"Date":"2022-04-09T22:29:59.340Z"},{"StoreID":98053,"SalesPersonID":3,"CdID":543216,"PricePaid":15,"Date":"2022-04-09T22:37:59.342Z"},{"StoreID":98077,"SalesPersonID":11,"CdID":623451,"PricePaid":15,"Date":"2022-04-09T22:48:59.344Z"},{"StoreID":98011,"SalesPersonID":20,"CdID":321456,"PricePaid":9,"Date":"2022-04-09T23:01:59.347Z"},{"StoreID":98077,"SalesPersonID":9,"CdID":123456,"PricePaid":7,"Date":"2022-04-09T23:07:59.348Z"},{"StoreID":98007,"SalesPersonID":8,"CdID":123654,"PricePaid":9,"Date":"2022-04-09T23:10:59.349Z"},{"StoreID":98053,"SalesPersonID":3,"CdID":654321,"PricePaid":11,"Date":"2022-04-09T23:14:59.350Z"},{"StoreID":98077,"SalesPersonID":9,"CdID":621453,"PricePaid":10,"Date":"2022-04-09T23:26:59.351Z"},{"StoreID":98055,"SalesPersonID":15,"CdID":354126,"PricePaid":9,"Date":"2022-04-09T23:33:59.352Z"},{"StoreID":98053,"SalesPersonID":2,"CdID":123654,"PricePaid":6,"Date":"2022-04-09T23:39:59.355Z"},{"StoreID":98055,"SalesPersonID":16,"CdID":654123,"PricePaid":15,"Date":"2022-04-09T23:44:59.356Z"},{"StoreID":98011,"SalesPersonID":19,"CdID":543216,"PricePaid":7,"Date":"2022-04-09T23:54:59.357Z"},{"StoreID":98046,"SalesPersonID":22,"CdID":623451,"PricePaid":6,"Date":"2022-04-10T00:05:59.358Z"},{"StoreID":98011,"SalesPersonID":17,"CdID":321456,"PricePaid":7,"Date":"2022-04-10T00:12:59.359Z"},{"StoreID":98011,"SalesPersonID":18,"CdID":321456,"PricePaid":5,"Date":"2022-04-10T00:15:59.361Z"},{"StoreID":98011,"SalesPersonID":18,"CdID":621453,"PricePaid":15,"Date":"2022-04-10T00:18:59.363Z"},{"StoreID":98011,"SalesPersonID":19,"CdID":321456,"PricePaid":7,"Date":"2022-04-10T00:23:59.364Z"},{"StoreID":98046,"SalesPersonID":22,"CdID":354126,"PricePaid":6,"Date":"2022-04-10T00:37:59.364Z"},{"StoreID":98055,"SalesPersonID":14,"CdID":123654,"PricePaid":7,"Date":"2022-04-10T00:43:59.365Z"},{"StoreID":98077,"SalesPersonID":9,"CdID":621453,"PricePaid":13,"Date":"2022-04-10T00:45:59.366Z"},{"StoreID":98077,"SalesPersonID":10,"CdID":623451,"PricePaid":14,"Date":"2022-04-10T00:49:59.367Z"},{"StoreID":98077,"SalesPersonID":10,"CdID":123456,"PricePaid":6,"Date":"2022-04-10T00:56:59.367Z"},{"StoreID":98046,"SalesPersonID":23,"CdID":354126,"PricePaid":12,"Date":"2022-04-10T01:06:59.371Z"},{"StoreID":98055,"SalesPersonID":13,"CdID":354126,"PricePaid":12,"Date":"2022-04-10T01:08:59.372Z"},{"StoreID":98007,"SalesPersonID":8,"CdID":654321,"PricePaid":5,"Date":"2022-04-10T01:20:59.374Z"},{"StoreID":98011,"SalesPersonID":19,"CdID":321456,"PricePaid":7,"Date":"2022-04-10T01:27:59.378Z"},{"StoreID":98007,"SalesPersonID":6,"CdID":654123,"PricePaid":7,"Date":"2022-04-10T01:41:59.379Z"},{"StoreID":98011,"SalesPersonID":18,"CdID":321456,"PricePaid":11,"Date":"2022-04-10T01:55:59.381Z"},{"StoreID":98055,"SalesPersonID":15,"CdID":543216,"PricePaid":12,"Date":"2022-04-10T02:01:59.381Z"},{"StoreID":98055,"SalesPersonID":15,"CdID":543216,"PricePaid":8,"Date":"2022-04-10T02:13:59.385Z"},{"StoreID":98011,"SalesPersonID":18,"CdID":654321,"PricePaid":12,"Date":"2022-04-10T02:17:59.386Z"},{"StoreID":98007,"SalesPersonID":7,"CdID":621453,"PricePaid":11,"Date":"2022-04-10T02:26:59.387Z"},{"StoreID":98077,"SalesPersonID":11,"CdID":543216,"PricePaid":7,"Date":"2022-04-10T02:35:59.390Z"},{"StoreID":98055,"SalesPersonID":13,"CdID":321456,"PricePaid":13,"Date":"2022-04-10T02:37:59.391Z"},{"StoreID":98055,"SalesPersonID":13,"CdID":354126,"PricePaid":5,"Date":"2022-04-10T02:46:59.392Z"},{"StoreID":98053,"SalesPersonID":1,"CdID":654321,"PricePaid":9,"Date":"2022-04-10T02:48:59.406Z"},{"StoreID":98011,"SalesPersonID":20,"CdID":543216,"PricePaid":10,"Date":"2022-04-10T02:58:59.410Z"},{"StoreID":98053,"SalesPersonID":3,"CdID":621453,"PricePaid":11,"Date":"2022-04-10T03:03:59.412Z"},{"StoreID":98053,"SalesPersonID":3,"CdID":354126,"PricePaid":10,"Date":"2022-04-10T03:09:59.415Z"},{"StoreID":98053,"SalesPersonID":3,"CdID":621453,"PricePaid":5,"Date":"2022-04-10T03:19:59.418Z"},{"StoreID":98046,"SalesPersonID":21,"CdID":654321,"PricePaid":10,"Date":"2022-04-10T03:25:59.421Z"},{"StoreID":98046,"SalesPersonID":23,"CdID":354126,"PricePaid":9,"Date":"2022-04-10T03:30:59.423Z"},{"StoreID":98011,"SalesPersonID":20,"CdID":123456,"PricePaid":15,"Date":"2022-04-10T03:33:59.424Z"},{"StoreID":98077,"SalesPersonID":9,"CdID":321456,"PricePaid":13,"Date":"2022-04-10T03:46:59.426Z"},{"StoreID":98053,"SalesPersonID":3,"CdID":123654,"PricePaid":15,"Date":"2022-04-10T03:56:59.428Z"},{"StoreID":98055,"SalesPersonID":14,"CdID":123456,"PricePaid":7,"Date":"2022-04-10T04:06:59.429Z"},{"StoreID":98055,"SalesPersonID":16,"CdID":543216,"PricePaid":9,"Date":"2022-04-10T04:11:59.430Z"},{"StoreID":98011,"SalesPersonID":20,"CdID":543216,"PricePaid":6,"Date":"2022-04-10T04:23:59.431Z"},{"StoreID":98055,"SalesPersonID":14,"CdID":321456,"PricePaid":6,"Date":"2022-04-10T04:35:59.431Z"},{"StoreID":98053,"SalesPersonID":3,"CdID":321456,"PricePaid":9,"Date":"2022-04-10T04:41:59.432Z"},{"StoreID":98055,"SalesPersonID":15,"CdID":321456,"PricePaid":11,"Date":"2022-04-10T05:24:59.452Z"},{"StoreID":98007,"SalesPersonID":7,"CdID":654123,"PricePaid":9,"Date":"2022-04-10T04:46:59.432Z"},{"StoreID":98053,"SalesPersonID":1,"CdID":654123,"PricePaid":13,"Date":"2022-04-10T04:58:59.433Z"},{"StoreID":98011,"SalesPersonID":18,"CdID":621453,"PricePaid":11,"Date":"2022-04-10T05:12:59.434Z"},{"StoreID":98007,"SalesPersonID":7,"CdID":123654,"PricePaid":7,"Date":"2022-04-10T05:17:59.435Z"},{"StoreID":98055,"SalesPersonID":15,"CdID":543216,"PricePaid":13,"Date":"2022-04-10T05:19:59.448Z"},{"StoreID":98046,"SalesPersonID":21,"CdID":623451,"PricePaid":14,"Date":"2022-04-10T05:32:59.453Z"},{"StoreID":98055,"SalesPersonID":16,"CdID":623451,"PricePaid":9,"Date":"2022-04-10T05:35:59.459Z"},{"StoreID":98053,"SalesPersonID":1,"CdID":623451,"PricePaid":14,"Date":"2022-04-10T05:49:59.464Z"},{"StoreID":98046,"SalesPersonID":21,"CdID":654321,"PricePaid":9,"Date":"2022-04-10T05:56:59.465Z"},{"StoreID":98007,"SalesPersonID":6,"CdID":621453,"PricePaid":10,"Date":"2022-04-10T06:01:59.469Z"},{"StoreID":98011,"SalesPersonID":19,"CdID":354126,"PricePaid":15,"Date":"2022-04-10T06:03:59.471Z"},{"StoreID":98055,"SalesPersonID":16,"CdID":654321,"PricePaid":8,"Date":"2022-04-10T06:17:59.475Z"},{"StoreID":98011,"SalesPersonID":18,"CdID":321456,"PricePaid":14,"Date":"2022-04-10T06:23:59.476Z"},{"StoreID":98046,"SalesPersonID":21,"CdID":623451,"PricePaid":9,"Date":"2022-04-10T06:33:59.477Z"},{"StoreID":98011,"SalesPersonID":19,"CdID":623451,"PricePaid":6,"Date":"2022-04-10T06:42:59.478Z"},{"StoreID":98007,"SalesPersonID":5,"CdID":543216,"PricePaid":14,"Date":"2022-04-10T06:46:59.479Z"},{"StoreID":98077,"SalesPersonID":12,"CdID":321654,"PricePaid":7,"Date":"2022-04-10T07:00:59.479Z"},{"StoreID":98053,"SalesPersonID":2,"CdID":321456,"PricePaid":14,"Date":"2022-04-10T07:03:59.480Z"},{"StoreID":98007,"SalesPersonID":7,"CdID":123654,"PricePaid":8,"Date":"2022-04-10T07:16:59.481Z"},{"StoreID":98077,"SalesPersonID":9,"CdID":123654,"PricePaid":14,"Date":"2022-04-10T07:26:59.482Z"},{"StoreID":98011,"SalesPersonID":20,"CdID":623451,"PricePaid":5,"Date":"2022-04-10T07:36:59.482Z"},{"StoreID":98055,"SalesPersonID":14,"CdID":654123,"PricePaid":7,"Date":"2022-04-10T07:39:59.486Z"},{"StoreID":98007,"SalesPersonID":5,"CdID":623451,"PricePaid":11,"Date":"2022-04-10T07:52:59.487Z"},{"StoreID":98077,"SalesPersonID":10,"CdID":623451,"PricePaid":9,"Date":"2022-04-10T08:06:59.503Z"},{"StoreID":98053,"SalesPersonID":2,"CdID":543216,"PricePaid":12,"Date":"2022-04-10T08:10:59.504Z"},{"StoreID":98055,"SalesPersonID":15,"CdID":623451,"PricePaid":5,"Date":"2022-04-10T08:19:59.512Z"},{"StoreID":98046,"SalesPersonID":24,"CdID":123654,"PricePaid":8,"Date":"2022-04-10T08:24:59.515Z"},{"StoreID":98055,"SalesPersonID":15,"CdID":543216,"PricePaid":11,"Date":"2022-04-10T08:33:59.517Z"},{"StoreID":98007,"SalesPersonID":7,"CdID":123654,"PricePaid":9,"Date":"2022-04-10T08:35:59.518Z"},{"StoreID":98077,"SalesPersonID":10,"CdID":543216,"PricePaid":9,"Date":"2022-04-10T08:45:59.518Z"},{"StoreID":98046,"SalesPersonID":24,"CdID":621453,"PricePaid":11,"Date":"2022-04-10T08:50:59.519Z"},{"StoreID":98046,"SalesPersonID":22,"CdID":654321,"PricePaid":6,"Date":"2022-04-10T08:52:59.519Z"},{"StoreID":98055,"SalesPersonID":16,"CdID":654123,"PricePaid":6,"Date":"2022-04-10T09:03:59.520Z"},{"StoreID":98055,"SalesPersonID":15,"CdID":621453,"PricePaid":9,"Date":"2022-04-10T09:11:59.521Z"},{"StoreID":98046,"SalesPersonID":21,"CdID":354126,"PricePaid":6,"Date":"2022-04-10T09:24:59.522Z"},{"StoreID":98053,"SalesPersonID":1,"CdID":623451,"PricePaid":6,"Date":"2022-04-10T09:26:59.523Z"},{"StoreID":98077,"SalesPersonID":9,"CdID":321456,"PricePaid":7,"Date":"2022-04-10T09:34:59.524Z"},{"StoreID":98046,"SalesPersonID":22,"CdID":654123,"PricePaid":15,"Date":"2022-04-10T09:44:59.524Z"},{"StoreID":98053,"SalesPersonID":2,"CdID":354126,"PricePaid":14,"Date":"2022-04-10T09:53:59.525Z"},{"StoreID":98055,"SalesPersonID":13,"CdID":621453,"PricePaid":11,"Date":"2022-04-10T10:03:59.526Z"},{"StoreID":98011,"SalesPersonID":18,"CdID":321654,"PricePaid":5,"Date":"2022-04-10T10:06:59.527Z"},{"StoreID":98077,"SalesPersonID":10,"CdID":321456,"PricePaid":15,"Date":"2022-04-10T10:19:59.528Z"},{"StoreID":98077,"SalesPersonID":9,"CdID":654321,"PricePaid":14,"Date":"2022-04-10T10:26:59.528Z"},{"StoreID":98007,"SalesPersonID":5,"CdID":123654,"PricePaid":9,"Date":"2022-04-10T10:28:59.539Z"},{"StoreID":98055,"SalesPersonID":15,"CdID":654123,"PricePaid":8,"Date":"2022-04-10T10:36:59.543Z"},{"StoreID":98077,"SalesPersonID":12,"CdID":321654,"PricePaid":8,"Date":"2022-04-10T10:46:59.544Z"},{"StoreID":98011,"SalesPersonID":17,"CdID":123456,"PricePaid":9,"Date":"2022-04-10T10:48:59.547Z"},{"StoreID":98007,"SalesPersonID":8,"CdID":354126,"PricePaid":10,"Date":"2022-04-10T10:57:59.548Z"},{"StoreID":98077,"SalesPersonID":10,"CdID":321456,"PricePaid":13,"Date":"2022-04-10T11:06:59.552Z"},{"StoreID":98055,"SalesPersonID":14,"CdID":123654,"PricePaid":9,"Date":"2022-04-10T11:16:59.553Z"},{"StoreID":98046,"SalesPersonID":24,"CdID":123456,"PricePaid":6,"Date":"2022-04-10T11:30:59.556Z"},{"StoreID":98055,"SalesPersonID":16,"CdID":123456,"PricePaid":5,"Date":"2022-04-10T11:38:59.557Z"},{"StoreID":98046,"SalesPersonID":24,"CdID":321654,"PricePaid":10,"Date":"2022-04-10T11:44:59.559Z"},{"StoreID":98053,"SalesPersonID":1,"CdID":654321,"PricePaid":5,"Date":"2022-04-10T11:55:59.560Z"},{"StoreID":98055,"SalesPersonID":16,"CdID":354126,"PricePaid":5,"Date":"2022-04-10T12:03:59.562Z"},{"StoreID":98046,"SalesPersonID":23,"CdID":321456,"PricePaid":5,"Date":"2022-04-10T12:07:59.562Z"},{"StoreID":98053,"SalesPersonID":1,"CdID":654321,"PricePaid":14,"Date":"2022-04-10T12:20:59.563Z"},{"StoreID":98055,"SalesPersonID":15,"CdID":623451,"PricePaid":12,"Date":"2022-04-10T12:24:59.564Z"},{"StoreID":98046,"SalesPersonID":24,"CdID":621453,"PricePaid":6,"Date":"2022-04-10T12:36:59.565Z"},{"StoreID":98077,"SalesPersonID":10,"CdID":321654,"PricePaid":5,"Date":"2022-04-10T12:41:59.566Z"},{"StoreID":98053,"SalesPersonID":1,"CdID":321456,"PricePaid":6,"Date":"2022-04-10T12:46:59.567Z"},{"StoreID":98007,"SalesPersonID":7,"CdID":654321,"PricePaid":15,"Date":"2022-04-10T12:50:59.567Z"},{"StoreID":98055,"SalesPersonID":14,"CdID":123456,"PricePaid":11,"Date":"2022-04-10T13:00:59.568Z"},{"StoreID":98053,"SalesPersonID":1,"CdID":654123,"PricePaid":15,"Date":"2022-04-10T13:08:59.575Z"},{"StoreID":98077,"SalesPersonID":12,"CdID":623451,"PricePaid":14,"Date":"2022-04-10T13:21:59.578Z"},{"StoreID":98007,"SalesPersonID":8,"CdID":621453,"PricePaid":11,"Date":"2022-04-10T13:28:59.579Z"},{"StoreID":98055,"SalesPersonID":16,"CdID":543216,"PricePaid":9,"Date":"2022-04-10T13:41:59.580Z"},{"StoreID":98046,"SalesPersonID":22,"CdID":623451,"PricePaid":6,"Date":"2022-04-10T13:48:59.583Z"},{"StoreID":98046,"SalesPersonID":21,"CdID":621453,"PricePaid":6,"Date":"2022-04-10T13:56:59.584Z"},{"StoreID":98055,"SalesPersonID":15,"CdID":123456,"PricePaid":10,"Date":"2022-04-10T14:06:59.585Z"},{"StoreID":98011,"SalesPersonID":20,"CdID":623451,"PricePaid":15,"Date":"2022-04-10T14:10:59.589Z"},{"StoreID":98053,"SalesPersonID":2,"CdID":621453,"PricePaid":6,"Date":"2022-04-10T14:12:59.590Z"},{"StoreID":98007,"SalesPersonID":6,"CdID":623451,"PricePaid":15,"Date":"2022-04-10T14:18:59.594Z"},{"StoreID":98077,"SalesPersonID":9,"CdID":321654,"PricePaid":12,"Date":"2022-04-10T14:27:59.596Z"},{"StoreID":98055,"SalesPersonID":15,"CdID":621453,"PricePaid":15,"Date":"2022-04-10T14:38:59.600Z"},{"StoreID":98077,"SalesPersonID":10,"CdID":321456,"PricePaid":8,"Date":"2022-04-10T14:48:59.601Z"},{"StoreID":98007,"SalesPersonID":7,"CdID":354126,"PricePaid":13,"Date":"2022-04-10T14:54:59.602Z"},{"StoreID":98007,"SalesPersonID":6,"CdID":321654,"PricePaid":9,"Date":"2022-04-10T15:01:59.603Z"},{"StoreID":98011,"SalesPersonID":19,"CdID":123654,"PricePaid":8,"Date":"2022-04-10T15:06:59.604Z"},{"StoreID":98053,"SalesPersonID":2,"CdID":321456,"PricePaid":10,"Date":"2022-04-10T15:10:59.605Z"},{"StoreID":98011,"SalesPersonID":19,"CdID":543216,"PricePaid":9,"Date":"2022-04-10T15:19:59.605Z"},{"StoreID":98055,"SalesPersonID":16,"CdID":123654,"PricePaid":5,"Date":"2022-04-10T15:22:59.606Z"},{"StoreID":98055,"SalesPersonID":13,"CdID":123456,"PricePaid":15,"Date":"2022-04-10T15:33:59.624Z"},{"StoreID":98007,"SalesPersonID":7,"CdID":623451,"PricePaid":14,"Date":"2022-04-10T15:40:59.627Z"},{"StoreID":98077,"SalesPersonID":10,"CdID":654321,"PricePaid":15,"Date":"2022-04-10T15:43:59.628Z"},{"StoreID":98077,"SalesPersonID":9,"CdID":654123,"PricePaid":10,"Date":"2022-04-10T15:52:59.630Z"},{"StoreID":98055,"SalesPersonID":16,"CdID":123654,"PricePaid":14,"Date":"2022-04-10T15:56:59.631Z"},{"StoreID":98077,"SalesPersonID":11,"CdID":321654,"PricePaid":7,"Date":"2022-04-10T15:59:59.631Z"}]